run_id,time_s,mass_mg,target_flow_ul_min
synthetic-25-0,0,6.98678951367087,25
synthetic-25-0,10,10.944281024256552,25
synthetic-25-0,20,14.770967530139751,25
synthetic-25-0,30,18.58714934032056,25
synthetic-25-0,40,22.557114542339846,25
synthetic-25-0,50,26.53159380057414,25
synthetic-25-0,60,30.376140651586272,25
synthetic-25-0,70,34.091297790904875,25
synthetic-25-0,80,37.915367926593184,25
synthetic-25-0,90,41.859821386656286,25
synthetic-25-0,100,45.80652019005698,25
synthetic-25-0,110,49.45012327387059,25
synthetic-25-0,120,53.54098594415344,25
synthetic-25-0,130,57.31851277503362,25
synthetic-25-0,140,61.2501158935008,25
synthetic-25-0,150,65.14915548989764,25
synthetic-25-0,160,69.05219013175866,25
synthetic-25-0,170,73.00522196024524,25
synthetic-25-0,180,76.94854900276431,25
synthetic-25-0,190,80.71168295873787,25
synthetic-25-0,200,84.74142153129947,25
synthetic-25-0,210,88.41849447610807,25
synthetic-25-0,220,92.40040370967824,25
synthetic-25-0,230,96.33583848004633,25
synthetic-25-0,240,100.13513145086948,25
synthetic-25-0,250,103.93161905537023,25
synthetic-25-0,260,107.794035201892,25
synthetic-25-0,270,111.72067391616334,25
synthetic-25-0,280,115.66870477028928,25
synthetic-25-0,290,119.42596219880063,25
synthetic-25-0,300,123.38624521887957,25
synthetic-25-1,0,7.054084558468581,25
synthetic-25-1,10,10.88983153683753,25
synthetic-25-1,20,14.772268520077787,25
synthetic-25-1,30,18.53971401281886,25
synthetic-25-1,40,22.460501134978312,25
synthetic-25-1,50,26.42022566994062,25
synthetic-25-1,60,30.35953686204346,25
synthetic-25-1,70,33.95265281889787,25
synthetic-25-1,80,38.098317374169085,25
synthetic-25-1,90,41.9498781636603,25
synthetic-25-1,100,45.761787385939016,25
synthetic-25-1,110,49.5784674334888,25
synthetic-25-1,120,53.388995213589126,25
synthetic-25-1,130,57.43455518798336,25
synthetic-25-1,140,61.353144575861556,25
synthetic-25-1,150,65.20564785579008,25
synthetic-25-1,160,69.0253603698638,25
synthetic-25-1,170,72.79795365904315,25
synthetic-25-1,180,76.50974937933593,25
synthetic-25-1,190,80.49850145383904,25
synthetic-25-1,200,84.43295998524559,25
synthetic-25-1,210,88.1068419699499,25
synthetic-25-1,220,92.14355594692994,25
synthetic-25-1,230,96.01539573498086,25
synthetic-25-1,240,99.91037926248183,25
synthetic-25-1,250,103.59072881799672,25
synthetic-25-1,260,107.51133598205541,25
synthetic-25-1,270,111.4022283391319,25
synthetic-25-1,280,115.19725729765584,25
synthetic-25-1,290,119.35653990073304,25
synthetic-25-1,300,123.0013776647627,25
synthetic-25-2,0,6.974142745452608,25
synthetic-25-2,10,11.047054355774389,25
synthetic-25-2,20,14.909450234496536,25
synthetic-25-2,30,18.729456465965022,25
synthetic-25-2,40,22.334477283512037,25
synthetic-25-2,50,26.44873823689687,25
synthetic-25-2,60,30.400611026442707,25
synthetic-25-2,70,34.321345632843446,25
synthetic-25-2,80,38.04786583868265,25
synthetic-25-2,90,42.180564747380416,25
synthetic-25-2,100,45.75502758194043,25
synthetic-25-2,110,49.709624944654415,25
synthetic-25-2,120,53.75798981354151,25
synthetic-25-2,130,57.55809734400682,25
synthetic-25-2,140,61.64213820888298,25
synthetic-25-2,150,65.34945793766387,25
synthetic-25-2,160,69.15599367728758,25
synthetic-25-2,170,73.0702638036777,25
synthetic-25-2,180,76.88761261033324,25
synthetic-25-2,190,80.75766627335068,25
synthetic-25-2,200,84.83718250696035,25
synthetic-25-2,210,88.72096500701896,25
synthetic-25-2,220,92.68101137561598,25
synthetic-25-2,230,96.36480198244006,25
synthetic-25-2,240,100.49788037470458,25
synthetic-25-2,250,104.18893792657353,25
synthetic-25-2,260,108.26382459313304,25
synthetic-25-2,270,111.95181224842447,25
synthetic-25-2,280,115.81024957180269,25
synthetic-25-2,290,119.79748350608696,25
synthetic-25-2,300,123.7643573453122,25
synthetic-25-3,0,6.941447117587666,25
synthetic-25-3,10,10.747586760955471,25
synthetic-25-3,20,14.623265443234535,25
synthetic-25-3,30,18.695394482076903,25
synthetic-25-3,40,22.625806232781134,25
synthetic-25-3,50,26.39211420255317,25
synthetic-25-3,60,30.18281590835599,25
synthetic-25-3,70,34.259265341804145,25
synthetic-25-3,80,37.92563046443365,25
synthetic-25-3,90,41.86407178176233,25
synthetic-25-3,100,45.87918910898541,25
synthetic-25-3,110,49.473781938637075,25
synthetic-25-3,120,53.6191417481143,25
synthetic-25-3,130,57.40404943707986,25
synthetic-25-3,140,61.354850222831736,25
synthetic-25-3,150,65.218060832825,25
synthetic-25-3,160,69.12755115731461,25
synthetic-25-3,170,73.05846564384407,25
synthetic-25-3,180,76.79492020744667,25
synthetic-25-3,190,80.89456411713084,25
synthetic-25-3,200,84.70678402615758,25
synthetic-25-3,210,88.60025664585625,25
synthetic-25-3,220,92.51407851010018,25
synthetic-25-3,230,96.35805966652279,25
synthetic-25-3,240,100.24541744477321,25
synthetic-25-3,250,104.05027767015277,25
synthetic-25-3,260,107.78174965634265,25
synthetic-25-3,270,111.79263126380106,25
synthetic-25-3,280,115.61089304215024,25
synthetic-25-3,290,119.42727906167949,25
synthetic-25-3,300,123.47710724998548,25
synthetic-25-4,0,6.897019556198853,25
synthetic-25-4,10,10.747010331403358,25
synthetic-25-4,20,14.729462586791923,25
synthetic-25-4,30,18.589798513148583,25
synthetic-25-4,40,22.537487504618746,25
synthetic-25-4,50,26.255160730200167,25
synthetic-25-4,60,30.212046612384373,25
synthetic-25-4,70,34.09939955855086,25
synthetic-25-4,80,37.9255000788991,25
synthetic-25-4,90,41.42526356406694,25
synthetic-25-4,100,45.635972766025496,25
synthetic-25-4,110,49.39837683434053,25
synthetic-25-4,120,53.25810240821152,25
synthetic-25-4,130,57.10415845411033,25
synthetic-25-4,140,60.95662186777429,25
synthetic-25-4,150,64.80159801318298,25
synthetic-25-4,160,68.5850756997144,25
synthetic-25-4,170,72.28211394014116,25
synthetic-25-4,180,76.31269643659853,25
synthetic-25-4,190,80.09452516394774,25
synthetic-25-4,200,84.1342251294641,25
synthetic-25-4,210,87.84864257702128,25
synthetic-25-4,220,91.73717720264203,25
synthetic-25-4,230,95.49517951088085,25
synthetic-25-4,240,99.38038829906256,25
synthetic-25-4,250,103.28160767909424,25
synthetic-25-4,260,106.98553390624706,25
synthetic-25-4,270,111.01545037551337,25
synthetic-25-4,280,114.82608507814966,25
synthetic-25-4,290,118.56943076240442,25
synthetic-25-4,300,122.2994898957757,25
synthetic-50-0,0,6.970241596105667,50
synthetic-50-0,10,14.739753503168208,50
synthetic-50-0,20,22.561893225994755,50
synthetic-50-0,30,30.559910627558192,50
synthetic-50-0,40,38.16603728105413,50
synthetic-50-0,50,45.97243364874898,50
synthetic-50-0,60,53.60781877997261,50
synthetic-50-0,70,61.71401431806579,50
synthetic-50-0,80,69.43378355426462,50
synthetic-50-0,90,77.24148258711075,50
synthetic-50-0,100,84.93231071802143,50
synthetic-50-0,110,92.81196326827275,50
synthetic-50-0,120,100.55014681738975,50
synthetic-50-0,130,108.36712538615625,50
synthetic-50-0,140,116.08334152701954,50
synthetic-50-0,150,123.74392637254618,50
synthetic-50-0,160,131.7869549466207,50
synthetic-50-0,170,139.28332789266946,50
synthetic-50-0,180,147.24558453369465,50
synthetic-50-0,190,155.04188029647054,50
synthetic-50-0,200,162.75080087570205,50
synthetic-50-0,210,170.7091535479242,50
synthetic-50-0,220,178.4205626086396,50
synthetic-50-0,230,186.18966309071087,50
synthetic-50-0,240,194.07808844085838,50
synthetic-50-0,250,201.77120070819478,50
synthetic-50-0,260,209.75051095422452,50
synthetic-50-0,270,217.4395128088494,50
synthetic-50-0,280,225.14968834703728,50
synthetic-50-0,290,232.7954494926122,50
synthetic-50-0,300,240.65185501501065,50
synthetic-50-1,0,6.994939593688866,50
synthetic-50-1,10,14.812256725496077,50
synthetic-50-1,20,22.84546362555233,50
synthetic-50-1,30,30.393442771784702,50
synthetic-50-1,40,38.30371114827199,50
synthetic-50-1,50,46.15558739264431,50
synthetic-50-1,60,54.102049120537316,50
synthetic-50-1,70,61.8176311046178,50
synthetic-50-1,80,69.66321207165085,50
synthetic-50-1,90,77.40460814888776,50
synthetic-50-1,100,85.47862726104209,50
synthetic-50-1,110,93.32687548855583,50
synthetic-50-1,120,101.03919311002825,50
synthetic-50-1,130,108.94373401138654,50
synthetic-50-1,140,116.63870463662049,50
synthetic-50-1,150,124.56135716548637,50
synthetic-50-1,160,132.58690280829674,50
synthetic-50-1,170,140.30325001849522,50
synthetic-50-1,180,148.36128252583214,50
synthetic-50-1,190,155.89209613500083,50
synthetic-50-1,200,163.86941308295306,50
synthetic-50-1,210,171.6324032905613,50
synthetic-50-1,220,179.54910489009146,50
synthetic-50-1,230,187.33237120150685,50
synthetic-50-1,240,195.1175417584958,50
synthetic-50-1,250,202.92746912516859,50
synthetic-50-1,260,211.16140370756972,50
synthetic-50-1,270,218.6876347597564,50
synthetic-50-1,280,226.3342724287695,50
synthetic-50-1,290,234.31164766906656,50
synthetic-50-1,300,242.28488093463332,50
synthetic-50-2,0,7.1360446202485255,50
synthetic-50-2,10,14.808572457852334,50
synthetic-50-2,20,22.401431397553452,50
synthetic-50-2,30,30.077776297426208,50
synthetic-50-2,40,37.73285042156898,50
synthetic-50-2,50,45.47166649860836,50
synthetic-50-2,60,53.10268147594106,50
synthetic-50-2,70,61.078768043128875,50
synthetic-50-2,80,68.8257311232561,50
synthetic-50-2,90,76.24937986813866,50
synthetic-50-2,100,83.96515800811073,50
synthetic-50-2,110,91.61480775053863,50
synthetic-50-2,120,99.40360614374204,50
synthetic-50-2,130,106.89769051725486,50
synthetic-50-2,140,114.80242893228794,50
synthetic-50-2,150,122.75468099849913,50
synthetic-50-2,160,130.29875483614055,50
synthetic-50-2,170,138.1271131431403,50
synthetic-50-2,180,145.70109044383867,50
synthetic-50-2,190,153.6343867104901,50
synthetic-50-2,200,161.18657440966015,50
synthetic-50-2,210,168.83678501271237,50
synthetic-50-2,220,176.83856027503174,50
synthetic-50-2,230,184.25920331743401,50
synthetic-50-2,240,191.8778607986579,50
synthetic-50-2,250,199.72850676439444,50
synthetic-50-2,260,207.41276489091058,50
synthetic-50-2,270,215.23161348065096,50
synthetic-50-2,280,222.74115026345248,50
synthetic-50-2,290,230.62211797961814,50
synthetic-50-2,300,238.33525376409557,50
synthetic-50-3,0,7.016324400572268,50
synthetic-50-3,10,14.61128419665331,50
synthetic-50-3,20,22.623299592061553,50
synthetic-50-3,30,30.01266422078822,50
synthetic-50-3,40,37.7321301249881,50
synthetic-50-3,50,45.36521315949738,50
synthetic-50-3,60,53.13154422651515,50
synthetic-50-3,70,60.859928143701524,50
synthetic-50-3,80,68.63165405224441,50
synthetic-50-3,90,76.18818586644213,50
synthetic-50-3,100,83.92501652752028,50
synthetic-50-3,110,91.49630437908479,50
synthetic-50-3,120,99.24957248538833,50
synthetic-50-3,130,107.30225285623126,50
synthetic-50-3,140,114.82515581191191,50
synthetic-50-3,150,122.33724848091343,50
synthetic-50-3,160,129.97601055326706,50
synthetic-50-3,170,137.70655138669872,50
synthetic-50-3,180,145.49629997614602,50
synthetic-50-3,190,153.19630123327204,50
synthetic-50-3,200,160.8127517866818,50
synthetic-50-3,210,168.45288979243986,50
synthetic-50-3,220,176.41814448197724,50
synthetic-50-3,230,184.01543456892065,50
synthetic-50-3,240,191.6271686141731,50
synthetic-50-3,250,199.336918687687,50
synthetic-50-3,260,207.00039115489477,50
synthetic-50-3,270,214.45409904854438,50
synthetic-50-3,280,222.4536291681941,50
synthetic-50-3,290,230.02936793685404,50
synthetic-50-3,300,237.73051334025905,50
synthetic-50-4,0,7.073230171471129,50
synthetic-50-4,10,14.579591718710033,50
synthetic-50-4,20,22.24986145313419,50
synthetic-50-4,30,30.153919606169644,50
synthetic-50-4,40,37.86201608866716,50
synthetic-50-4,50,45.387330626974595,50
synthetic-50-4,60,53.23610856503411,50
synthetic-50-4,70,60.84735035381414,50
synthetic-50-4,80,68.60328761406177,50
synthetic-50-4,90,76.14370716795065,50
synthetic-50-4,100,84.04973744044412,50
synthetic-50-4,110,91.78341869047048,50
synthetic-50-4,120,99.42344491817225,50
synthetic-50-4,130,107.11221639032993,50
synthetic-50-4,140,114.37579967809896,50
synthetic-50-4,150,122.47573496816872,50
synthetic-50-4,160,130.14377226114357,50
synthetic-50-4,170,137.82825704167902,50
synthetic-50-4,180,145.4765485929173,50
synthetic-50-4,190,153.2417876889566,50
synthetic-50-4,200,160.9741077315289,50
synthetic-50-4,210,168.60316197451277,50
synthetic-50-4,220,176.27985317614667,50
synthetic-50-4,230,184.1458057707624,50
synthetic-50-4,240,191.60893847849235,50
synthetic-50-4,250,199.51913550855244,50
synthetic-50-4,260,207.1304460346939,50
synthetic-50-4,270,214.7289790233434,50
synthetic-50-4,280,222.47705619781553,50
synthetic-50-4,290,230.11069982669204,50
synthetic-50-4,300,237.96685043836501,50
synthetic-100-0,0,6.9443203824846815,100
synthetic-100-0,10,22.447761797089658,100
synthetic-100-0,20,38.14613886334027,100
synthetic-100-0,30,53.76968944166943,100
synthetic-100-0,40,69.22055087304214,100
synthetic-100-0,50,84.83175338506432,100
synthetic-100-0,60,100.3102990469155,100
synthetic-100-0,70,115.91264230956651,100
synthetic-100-0,80,131.4347407248213,100
synthetic-100-0,90,147.0512568572532,100
synthetic-100-0,100,162.42885901864722,100
synthetic-100-0,110,178.20223894926485,100
synthetic-100-0,120,193.67281027578062,100
synthetic-100-0,130,209.28964795770096,100
synthetic-100-0,140,224.7777397651845,100
synthetic-100-0,150,240.40179052386358,100
synthetic-100-0,160,255.8204817515084,100
synthetic-100-0,170,271.60463710016523,100
synthetic-100-0,180,286.8733508271477,100
synthetic-100-0,190,302.4977650314286,100
synthetic-100-0,200,318.18323914685556,100
synthetic-100-0,210,333.86394039541517,100
synthetic-100-0,220,349.30345242407253,100
synthetic-100-0,230,364.8088325753589,100
synthetic-100-0,240,380.2490980335576,100
synthetic-100-0,250,395.930463008434,100
synthetic-100-0,260,411.50558660076786,100
synthetic-100-0,270,427.2346147934011,100
synthetic-100-0,280,442.6857540780228,100
synthetic-100-0,290,458.0286158953645,100
synthetic-100-0,300,473.94218671937665,100
synthetic-100-1,0,6.912054028529568,100
synthetic-100-1,10,22.581647285958894,100
synthetic-100-1,20,37.86335446547071,100
synthetic-100-1,30,53.2657548023128,100
synthetic-100-1,40,68.75853868189434,100
synthetic-100-1,50,84.25531398178859,100
synthetic-100-1,60,99.70432374494618,100
synthetic-100-1,70,114.90163490524614,100
synthetic-100-1,80,130.6731683130288,100
synthetic-100-1,90,146.00217134555137,100
synthetic-100-1,100,161.30373010130072,100
synthetic-100-1,110,176.69394924310006,100
synthetic-100-1,120,192.1130790059266,100
synthetic-100-1,130,207.65648311351026,100
synthetic-100-1,140,223.01350866108388,100
synthetic-100-1,150,238.4359879147244,100
synthetic-100-1,160,254.02776577249742,100
synthetic-100-1,170,269.41726208713607,100
synthetic-100-1,180,284.77551324766125,100
synthetic-100-1,190,300.3225601538724,100
synthetic-100-1,200,315.82003827763464,100
synthetic-100-1,210,331.0080158044913,100
synthetic-100-1,220,346.4913012680902,100
synthetic-100-1,230,362.0800576612766,100
synthetic-100-1,240,377.4918545545864,100
synthetic-100-1,250,392.8767954043988,100
synthetic-100-1,260,408.40453265826113,100
synthetic-100-1,270,423.61363438734355,100
synthetic-100-1,280,439.0087067976285,100
synthetic-100-1,290,454.50413486602815,100
synthetic-100-1,300,470.03720503205966,100
synthetic-100-2,0,6.95127818435753,100
synthetic-100-2,10,22.269818858907456,100
synthetic-100-2,20,37.67259482717548,100
synthetic-100-2,30,53.00147789055315,100
synthetic-100-2,40,68.5060221038445,100
synthetic-100-2,50,83.91608346088573,100
synthetic-100-2,60,99.15586863095308,100
synthetic-100-2,70,114.55050551617529,100
synthetic-100-2,80,129.8804477092887,100
synthetic-100-2,90,145.358994958921,100
synthetic-100-2,100,160.68209431204875,100
synthetic-100-2,110,176.19992326902613,100
synthetic-100-2,120,191.29827924614602,100
synthetic-100-2,130,206.81139557054638,100
synthetic-100-2,140,222.1868633314094,100
synthetic-100-2,150,237.47373904516314,100
synthetic-100-2,160,252.935455345818,100
synthetic-100-2,170,268.1005685389981,100
synthetic-100-2,180,283.82361997778764,100
synthetic-100-2,190,298.8448541002035,100
synthetic-100-2,200,314.4383581424061,100
synthetic-100-2,210,329.6015840192732,100
synthetic-100-2,220,345.1961034611078,100
synthetic-100-2,230,360.4098566261412,100
synthetic-100-2,240,375.8314951903358,100
synthetic-100-2,250,391.18830614600773,100
synthetic-100-2,260,406.66036405075704,100
synthetic-100-2,270,421.88545476705775,100
synthetic-100-2,280,436.98821001189106,100
synthetic-100-2,290,452.57624137470054,100
synthetic-100-2,300,468.03793735683337,100
synthetic-100-3,0,7.07698208513208,100
synthetic-100-3,10,22.528121332119067,100
synthetic-100-3,20,37.83840008405326,100
synthetic-100-3,30,53.13080135812662,100
synthetic-100-3,40,68.84477104108707,100
synthetic-100-3,50,84.24124851261881,100
synthetic-100-3,60,99.52961268170304,100
synthetic-100-3,70,115.19694926879063,100
synthetic-100-3,80,130.3778215141637,100
synthetic-100-3,90,145.7255857206528,100
synthetic-100-3,100,161.25029898184115,100
synthetic-100-3,110,176.80025832928843,100
synthetic-100-3,120,192.02531824600524,100
synthetic-100-3,130,207.74077473055547,100
synthetic-100-3,140,222.8825882338455,100
synthetic-100-3,150,238.4942717154625,100
synthetic-100-3,160,253.87986435776628,100
synthetic-100-3,170,269.2366010469093,100
synthetic-100-3,180,284.78664868326103,100
synthetic-100-3,190,299.95520413902403,100
synthetic-100-3,200,315.66752982912584,100
synthetic-100-3,210,330.95199288005705,100
synthetic-100-3,220,346.33070639048935,100
synthetic-100-3,230,361.8864559528014,100
synthetic-100-3,240,377.3441170818789,100
synthetic-100-3,250,392.741695356103,100
synthetic-100-3,260,408.2912548276667,100
synthetic-100-3,270,423.62596568568887,100
synthetic-100-3,280,439.07283237384746,100
synthetic-100-3,290,454.31708394940944,100
synthetic-100-3,300,469.80831135335495,100
synthetic-100-4,0,6.9982257763296705,100
synthetic-100-4,10,22.62399395370491,100
synthetic-100-4,20,38.23027133738863,100
synthetic-100-4,30,53.86591568293092,100
synthetic-100-4,40,69.36516083247335,100
synthetic-100-4,50,84.93417223039876,100
synthetic-100-4,60,100.48015101730388,100
synthetic-100-4,70,116.0676397800989,100
synthetic-100-4,80,131.86788856583533,100
synthetic-100-4,90,147.33602172468807,100
synthetic-100-4,100,163.01699874198496,100
synthetic-100-4,110,178.40239834962918,100
synthetic-100-4,120,193.93214835386715,100
synthetic-100-4,130,209.61488647193866,100
synthetic-100-4,140,225.4282887221772,100
synthetic-100-4,150,241.01426419979705,100
synthetic-100-4,160,256.5344907469866,100
synthetic-100-4,170,272.014900301573,100
synthetic-100-4,180,287.67586748282,100
synthetic-100-4,190,303.25300212938424,100
synthetic-100-4,200,318.8421112731423,100
synthetic-100-4,210,334.2198320544078,100
synthetic-100-4,220,349.9784768299307,100
synthetic-100-4,230,365.6390890113463,100
synthetic-100-4,240,381.40357310828335,100
synthetic-100-4,250,396.8618350656029,100
synthetic-100-4,260,412.5796800187036,100
synthetic-100-4,270,427.9940509295889,100
synthetic-100-4,280,443.60198319272774,100
synthetic-100-4,290,458.83114030823464,100
synthetic-100-4,300,474.8612459455483,100
